iteration,residual,time
0,160.43425586924502,0
1,0.0001656975641370439,0.5610039234161377
2,9.294521176629666e-11,1.1050126552581787
3,1.6483208181546696e-13,1.6450004577636719
