iteration,residual,time
0,1307.365373777978,0
1,8.683400283388903e-10,62.68036651611328
2,1.3325881945938606e-12,124.47674655914307
