iteration,residual,time
0,160.43425586924502,0
1,1.95072959503628e-13,1.256748914718628
