iteration,residual,time
0,160.43425586924502,0
1,1.0661408009677566e-10,0.9970297813415527
2,1.640385632107916e-13,2.0036890506744385
