iteration,residual,time
0,160.43425586924502,0
1,1.3476123495572334e-07,0.8090066909790039
2,1.6414476844932154e-13,1.5619993209838867
