iteration,residual,time
0,1307.365373777978,0
1,1.5831467226772398e-12,78.52749562263489
