iteration,residual,time
0,160.43425586924502,0
1,0.2108633581721618,0.31800007820129395
2,0.00014340585552678528,0.6390032768249512
3,1.0648007940723498e-07,0.9480128288269043
4,8.304269977061019e-11,1.2390015125274658
5,1.8783674047886822e-13,1.531013011932373
