iteration,residual,time
0,1307.365373777978,0
1,1.0883255410261384e-06,46.013055086135864
2,1.3325521040763428e-12,92.32503461837769
