iteration,residual,time
0,1307.365373777978,0
1,0.0013636830090754247,31.178018808364868
2,7.365395675507456e-10,62.540000200271606
3,1.3322253843282442e-12,93.9580545425415
