iteration,residual,time
0,78.53639471742164,0
1,7.919188091466578e-05,0.16300582885742188
2,4.3544300861938225e-11,0.32200074195861816
3,8.056760367642821e-14,0.4740028381347656
