iteration,residual,time
0,160.04056548540797,0
1,0.0001682730948251387,0.5670011043548584
2,8.93760200344929e-11,1.1179964542388916
3,1.6229104273427023e-13,1.6829979419708252
