iteration,residual,time
0,325.78558616457076,0
1,0.00033867331523391753,2.084010362625122
2,1.8066646431061023e-10,4.129002571105957
3,3.294673567778453e-13,6.1830103397369385
