iteration,residual,time
0,37.38324556751373,0
1,3.906598429689663e-05,0.45799875259399414
2,2.2728941966791634e-11,0.4980001449584961
3,3.9588438838712455e-14,0.5289855003356934
