iteration,residual,time
0,346.27862954615347,0
1,0.000251594824580658,0.15899872779846191
2,1.5031251589517613e-10,0.3269984722137451
3,6.233196869511512e-14,0.5069987773895264
