iteration,residual,time
0,110.05873634036857,0
1,0.0038258294258945212,0.6100080013275146
2,8.88340080158514e-07,1.1869957447052002
3,3.215880004892511e-10,1.7799983024597168
4,2.0948295135036846e-13,2.3859951496124268
