iteration,residual,time
0,160.43425586924502,0
1,0.0001656975641370439,0.5239980220794678
2,9.294521176629666e-11,1.0339946746826172
3,1.6483208181546696e-13,1.5950005054473877
