iteration,residual,time
0,240.54905306382267,0
1,0.00021553813012657017,0.4750092029571533
2,1.216794803187872e-10,0.9229960441589355
3,1.504272775366722e-13,1.3850092887878418
