iteration,residual,time
0,371.59913038669896,0
1,0.00029931431633220036,0.2969973087310791
2,1.820578539824144e-10,0.5980112552642822
3,1.0782550875779666e-13,0.9519999027252197
