iteration,residual,time
0,268.98607780464886,0
1,0.00018453952796635627,0.1269981861114502
2,1.1153225809630559e-10,0.24399781227111816
3,4.2920227211675746e-14,0.36099720001220703
