iteration,residual,time
0,342.2344106844515,0
1,0.00028236288717243136,0.37400293350219727
2,1.7140278029595623e-10,0.7630038261413574
3,1.2253285074110828e-13,1.104198694229126
