iteration,residual,time,ssim,lpips
0,326.79459718157483,0,0.019313164055347443,0.9395298361778259
1,0.00040134472859998334,2.4689862728118896,0.456337571144104,0.47624558210372925
2,3.6351381634230384e-09,4.555715084075928,0.45633742213249207,0.47624558210372925
3,3.353996755655212e-13,6.605520486831665,0.45633742213249207,0.47624558210372925
